{
  "total_trials": 2,
  "completed_trials": 0,
  "success_rate": 0.0,
  "average_steps": 1000.0,
  "results": [
    {
      "trial_id": 0,
      "steps": 1000,
      "completed": false,
      "total_reward": 0.0,
      "final_ball_positions": [
        [
          1.9236576557159424,
          1.2419999837875366
        ],
        [
          1.904996633529663,
          0.6350001096725464
        ],
        [
          1.9534938335418701,
          0.6069997549057007
        ],
        [
          1.9534938335418701,
          0.6630003452301025
        ],
        [
          2.001991033554077,
          0.5789994597434998
        ],
        [
          2.0019912719726562,
          0.6349999904632568
        ],
        [
          2.001991033554077,
          0.6910005211830139
        ],
        [
          2.050488233566284,
          0.5509992241859436
        ],
        [
          2.0504884719848633,
          0.6069997549057007
        ],
        [
          2.0504884719848633,
          0.6630001664161682
        ],
        [
          2.050488233566284,
          0.7190006971359253
        ],
        [
          2.0989856719970703,
          0.5229989886283875
        ],
        [
          2.0989856719970703,
          0.5789995193481445
        ],
        [
          2.0989856719970703,
          0.6349999904632568
        ],
        [
          2.0989856719970703,
          0.6910004019737244
        ],
        [
          2.098985433578491,
          0.7470009326934814
        ]
      ],
      "actions_count": 1000
    },
    {
      "trial_id": 1,
      "steps": 1000,
      "completed": false,
      "total_reward": 0.0,
      "final_ball_positions": [
        [
          1.4123198986053467,
          0.08077151328325272
        ],
        [
          0.1978042870759964,
          0.7965730428695679
        ],
        [
          1.9348506927490234,
          0.8509889841079712
        ],
        [
          1.297316551208496,
          1.0432568788528442
        ],
        [
          1.6393381357192993,
          0.20267918705940247
        ],
        [
          1.1184086799621582,
          1.052367091178894
        ],
        [
          0.14711204171180725,
          0.9939707517623901
        ],
        [
          1.9131492376327515,
          1.2123388051986694
        ],
        [
          0.8986361622810364,
          0.03219632804393768
        ],
        [
          2.217761754989624,
          0.6771036386489868
        ],
        [
          0.8181273937225342,
          0.3210694491863251
        ],
        [
          1.1687638759613037,
          1.2044659852981567
        ],
        [
          0.4815705120563507,
          0.27816998958587646
        ],
        [
          1.7975856065750122,
          0.2580839693546295
        ],
        [
          0.0756291002035141,
          0.6672686338424683
        ],
        [
          2.2675511837005615,
          1.212567925453186
        ]
      ],
      "actions_count": 1000
    }
  ]
}